,score,comms_num,created,token_count,normalised_politeness,raw_politeness,collective_focus
count,27937.0,27937.0,27937.0,27937.0,27937.0,27937.0,27937.0
mean,587.0540143895192,52.9346744460751,1633365966.5093603,34.23925260407345,0.0039126914667018025,0.13508966603429143,0.06115641016197204
std,3583.344230461357,293.9810838150051,4222201.658636793,54.91084126200392,0.01913281416038704,0.4952585756095868,0.22463743621575236
min,0.0,0.0,1627415164.0,1.0,0.0,0.0,0.0
25%,1.0,0.0,1630155850.0,11.0,0.0,0.0,0.0
50%,1.0,0.0,1632247219.0,17.0,0.0,0.0,0.0
75%,69.0,17.0,1638513118.0,35.0,0.0,0.0,0.0
max,93372.0,8538.0,1639381715.0,1836.0,0.5,9.0,1.0
